Organism,Scaffold,Start,End,Score,WP_338009895.1,WP_006328028.1,WP_020439796.1,WP_006328024.1,WP_006328022.1
Serratia plymuthica A30,NZ_AMSV01000061.1,78936,95120,10.10,1,1,1,1,1,
Serratia plymuthica A30,AMSV01000061.1,78936,95087,10.10,1,1,1,1,1,
Serratia plymuthica RVH1,NZ_ARWD01000001.1,4691658,4707842,10.10,1,1,1,1,1,
Serratia plymuthica RVH1,HE995400.1,8447,24598,10.10,1,1,1,1,1,
Serratia plymuthica 3Re4-18,NZ_CP012097.1,4707451,4723635,10.10,1,1,1,1,1,
Serratia plymuthica 3Re4-18,CP012097.1,4707451,4723602,10.10,1,1,1,1,1,
Serratia plymuthica,NZ_CAMISH010000005.1,70433,86617,10.10,1,1,1,1,1,
Serratia plymuthica,CAMISH010000005.1,70433,86584,10.10,1,1,1,1,1,
Serratia plymuthica,NZ_CAMKNT010000006.1,41228,57427,10.09,1,1,1,1,1,
Serratia plymuthica,NZ_CAMITG010000001.1,647049,663214,10.07,1,1,1,1,1,
Serratia plymuthica,CAMKNT010000006.1,41228,57394,10.09,1,1,1,1,1,
Serratia plymuthica A294,NZ_CP042363.1,4707648,4723832,10.10,1,1,1,1,1,
Serratia plymuthica A294,CP042363.1,4707648,4723799,10.10,1,1,1,1,1,
Serratia plymuthica IV-11-34,NZ_JAAQRN010000005.1,45789,61973,10.10,1,1,1,1,1,
Serratia plymuthica IV-11-34,JAAQRN010000005.1,45789,61940,10.10,1,1,1,1,1,
Serratia plymuthica SER00253,NZ_JAEHSV010000003.1,225477,241661,10.10,1,1,1,1,1,
Serratia plymuthica SER00253,JAEHSV010000003.1,225477,241628,10.10,1,1,1,1,1,
Serratia plymuthica HRO-C48,NZ_LTDN01000029.1,39477,55661,10.10,1,1,1,1,1,
Serratia plymuthica HRO-C48,LTDN01000029.1,39477,55628,10.10,1,1,1,1,1,
Serratia plymuthica V4,NZ_CP007439.1,4754079,4770278,10.10,1,1,1,1,1,
Serratia plymuthica V4,CP007439.1,4754079,4770245,10.10,1,1,1,1,1,
Serratia plymuthica SWSY-3.47,AP035790.1,4792414,4808613,10.10,1,1,1,1,1,
Serratia plymuthica 3Rp8,NZ_CP012096.1,3111477,3127628,10.10,1,1,1,1,1,
Serratia plymuthica FDAARGOS_1138,CP068096.1,2494330,2510481,10.10,1,1,1,1,1,
Serratia plymuthica FDAARGOS_1138,NZ_CP068096.1,2494390,2510481,10.09,1,1,1,1,1,
Serratia plymuthica FDAARGOS_889,NZ_CP065699.1,4636162,4652328,10.10,1,1,1,1,1,
Serratia plymuthica MGG-11wh,NZ_JALKTJ010000003.1,351044,367210,10.10,1,1,1,1,1,
Serratia plymuthica MGG-11wh,JALKTJ010000003.1,351104,367210,10.09,1,1,1,1,1,
Serratia plymuthica MBSA-MJ1,NZ_JADCNO010000033.1,1349,17515,10.10,1,1,1,1,1,
Serratia plymuthica WS3236,NZ_RBLL01000001.1,1355055,1371253,10.07,1,1,1,1,1,
Serratia plymuthica WS3236,RBLL01000001.1,1355055,1371220,10.07,1,1,1,1,1,
Serratia plymuthica tumat,NZ_MQML01000234.1,1220,17371,10.09,1,1,1,1,1,
Serratia plymuthica A153,NZ_LRQU01000001.1,1376638,1392837,10.09,1,1,1,1,1,
Serratia plymuthica A153,LRQU01000001.1,1376638,1392804,10.09,1,1,1,1,1,
Serratia plymuthica NBRC 102599,NZ_BCTU01000019.1,8695,24860,10.07,1,1,1,1,1,
Serratia plymuthica FDAARGOS_895,NZ_CP065688.1,2554738,2570903,10.07,1,1,1,1,1,
Serratia plymuthica FDAARGOS_895,CP065688.1,2554738,2570903,6.80,1,0,1,1,1,
Serratia plymuthica FDAARGOS_907,CP065673.1,3437854,3454020,10.09,1,1,1,1,1,
Serratia plymuthica FDAARGOS_907,NZ_CP065673.1,3437914,3454020,10.08,1,1,1,1,1,
Serratia plymuthica FDAARGOS_896,CP065747.1,845974,862140,10.09,1,1,1,1,1,
Serratia plymuthica FDAARGOS_896,NZ_CP065747.1,846034,862140,10.08,1,1,1,1,1,
Serratia plymuthica AS9,NC_015567.1,4598020,4614216,10.08,1,1,1,1,1,
Serratia plymuthica AS9,CP002773.1,4598020,4614183,10.08,1,1,1,1,1,
Serratia plymuthica B37/06,NZ_CP093323.1,821083,837189,10.08,1,1,1,1,1,
Serratia plymuthica C-1,NZ_CP053398.1,611500,627179,9.99,1,1,1,1,1,
Serratia plymuthica SASK2000,NZ_CP100764.1,4598031,4612226,9.95,1,1,1,1,1,
Serratia plymuthica NCTC12961,LS483469.1,4499071,4512130,9.78,1,1,1,1,1,
Serratia plymuthica S13,NC_021659.1,4621344,4637528,10.10,1,1,1,1,1,
Serratia plymuthica S13,CP006566.1,4621344,4637495,10.10,1,1,1,1,1,
compost metagenome,RCUM01000099.1,37336,53502,10.10,1,1,1,1,1,
Salmonella enterica subsp. enterica serovar Java AUSMDU00083694,DAXZUB010000004.1,34559,50710,10.09,1,1,1,1,1,
Salmonella enterica PNUSAS288665,ABHOKZ010000006.1,232113,248279,10.08,1,1,1,1,1,
Serratia sp. AS12,NC_015566.1,4598148,4614344,10.08,1,1,1,1,1,
Serratia sp. AS12,CP002774.1,4598148,4614311,10.08,1,1,1,1,1,
Serratia sp. AS13,NC_017573.1,4597699,4613895,10.08,1,1,1,1,1,
Serratia sp. AS13,CP002775.1,4597699,4613862,10.08,1,1,1,1,1,
Serratia sp. PAMC26656,NZ_JAEHKA010000024.1,56443,72600,10.08,1,1,1,1,1,
Photorhabdus khanii,NZ_CAWOZU010000019.1,97454,111462,5.66,1,1,1,0,0,
Photorhabdus khanii HGB 1456,NZ_WHZZ01000004.1,97454,111462,5.66,1,1,1,0,0,
Photorhabdus khanii NC19,NZ_AYSJ01000015.1,323161,337163,5.66,1,1,1,0,0,
Photorhabdus stackebrandtii,NZ_CAWPIE010000004.1,86154,100156,5.66,1,1,1,0,0,
Photorhabdus stackebrandtii DSM 23271,NZ_PUJV01000004.1,86154,100156,5.66,1,1,1,0,0,
Photorhabdus tasmaniensis,NZ_CAWPIF010000001.1,63730,77755,5.66,1,1,1,0,0,
Photorhabdus tasmaniensis T327,NZ_PUJU01000001.1,63730,77755,5.66,1,1,1,0,0,
Photorhabdus temperata FFPRI_2,AP029167.2,1022319,1036329,5.66,1,1,1,0,0,
Photorhabdus temperata Hm,MBJU01000119.1,88786,102788,5.66,1,1,1,0,0,
Photorhabdus temperata DSM 14550,NZ_JAJAFX010000017.1,16803,30807,5.66,1,1,1,0,0,
Photorhabdus temperata J3,NZ_AXDT01000114.1,1038,14275,5.60,1,1,1,0,0,
Photorhabdus khanii NC19,NZ_CAWLWK010000015.1,323161,337163,5.66,1,1,1,0,0,
Photorhabdus temperata subsp. temperata Meg1,NZ_CAWLUD010000018.1,714,14718,5.66,1,1,1,0,0,
Photorhabdus temperata subsp. temperata Meg1,NZ_JGVH01000018.1,714,14718,5.66,1,1,1,0,0,
Photorhabdus temperata subsp. temperata M1021,NZ_AUXQ01000024.1,17007,30068,5.57,1,1,1,0,0,
Photorhabdus thracensis,NZ_CAWQPG010000362.1,625,14650,5.66,1,1,1,0,0,
Photorhabdus thracensis PT1.1,NZ_JAGJJU010000099.1,625,14650,5.66,1,1,1,0,0,
Photorhabdus thracensis DSM 15199,NZ_CP011104.1,3151868,3165893,5.66,1,1,1,0,0,
Photorhabdus sp. RM157S,NZ_JBHFKY010000074.1,4459,18484,5.66,1,1,1,0,0,
Photorhabdus sp. CRCIA-P01,NZ_NMQR01000007.1,78914,92910,5.66,1,1,1,0,0,
Photorhabdus sp. RM323S,NZ_JBHFKZ010000019.1,28594,42619,5.65,1,1,1,0,0,
Photorhabdus sp. RM125S,NZ_JBHFKS010000042.1,6183,20170,5.55,1,1,1,0,0,
Photorhabdus antumapuensis,NZ_CAWQMC010000034.1,35890,49898,5.66,1,1,1,0,0,
Photorhabdus antumapuensis UCH-936,NZ_JAHZMK010000033.1,35890,49898,5.66,1,1,1,0,0,
Photorhabdus sp. CRCIA-P01,NZ_CAWOFI010000178.1,78914,92910,5.66,1,1,1,0,0,
Photorhabdus khanii subsp. guanajuatensis,NZ_CAWOJO010000024.1,37648,51640,5.66,1,1,1,0,0,
Photorhabdus khanii subsp. guanajuatensis MEX20-17,NZ_PUJY01000024.1,37648,51640,5.66,1,1,1,0,0,
Photorhabdus temperata J3,NZ_CAWLZT010000114.1,1038,14275,5.60,1,1,1,0,0,
Xenorhabdus bovienii subsp. africana XENO-1,NZ_JAMGSK010000005.1,15304,31887,9.72,1,1,1,1,1,
Serratia microhaemolytica ZS-11,NZ_SBEF01000021.1,39260,55644,9.69,1,1,1,1,1,
Xenorhabdus bovienii intermedium LD_8,NZ_JAILTX010000014.1,47219,63872,9.72,1,1,1,1,1,
Xenorhabdus bovienii intermedium MM_1,NZ_JAILSN010000018.1,55194,71847,9.72,1,1,1,1,1,
Xenorhabdus bovienii intermedium LD_45,NZ_JAILTT010000006.1,43757,60392,9.72,1,1,1,1,1,
Xenorhabdus bovienii intermedium LD_3,NZ_JAILSL010000001.1,49149,65802,9.72,1,1,1,1,1,
Xenorhabdus bovienii intermedium LD_21,NZ_JAILTW010000005.1,159067,175720,9.72,1,1,1,1,1,
Xenorhabdus bovienii intermedium LD_52,NZ_JAILTS010000010.1,57449,74128,9.72,1,1,1,1,1,
Xenorhabdus bovienii,NZ_CAWQUX010000007.1,100093,116740,9.71,1,1,1,1,1,
Xenorhabdus bovienii,NZ_CAWMEF010000001.1,2924841,2941351,9.70,1,1,1,1,1,
Xenorhabdus bovienii,NZ_CAWQRA010000009.1,44360,60870,9.70,1,1,1,1,1,
Xenorhabdus bovienii 18M,NZ_JAKMXG010000007.1,100093,116740,9.71,1,1,1,1,1,
Xenorhabdus bovienii texanum MM_17,NZ_JAILSM010000004.1,87688,104306,9.70,1,1,1,1,1,
Xenorhabdus bovienii kraussei MC_44,NZ_JAILTO010000008.1,76699,93341,9.70,1,1,1,1,1,
Xenorhabdus bovienii MC_200,NZ_JAILTD010000001.1,360242,376872,9.70,1,1,1,1,1,
Xenorhabdus bovienii CS03,NZ_FO818637.1,2924841,2941351,9.70,1,1,1,1,1,
Xenorhabdus bovienii kraussei MC_96,NZ_JAILTE010000019.1,48616,65210,9.70,1,1,1,1,1,
Xenorhabdus bovienii kraussei MC_95,NZ_JAILTF010000020.1,48616,65210,9.70,1,1,1,1,1,
Xenorhabdus bovienii kraussei MC_47,NZ_JAILTN010000017.1,62468,79062,9.70,1,1,1,1,1,
Xenorhabdus bovienii kraussei LD_5,NZ_JAILTY010000018.1,62468,79062,9.70,1,1,1,1,1,
Xenorhabdus bovienii Goncek-1,NZ_JAKMXI010000009.1,44360,60870,9.70,1,1,1,1,1,
Xenorhabdus bovienii texanum MC_250,NZ_JAILSQ010000001.1,17237,33819,9.70,1,1,1,1,1,
Xenorhabdus bovienii MC_241_E_2016,NZ_JAILSR010000001.1,17236,33818,9.70,1,1,1,1,1,
Xenorhabdus bovienii texanum MC_11,NZ_JAILTQ010000001.1,17316,33898,9.70,1,1,1,1,1,
Xenorhabdus bovienii texanum MC_15,NZ_JAILXI010000001.1,17237,33819,9.70,1,1,1,1,1,
Xenorhabdus bovienii T228,NZ_JANAIF010000010.1,6195,22777,9.70,1,1,1,1,1,
Xenorhabdus bovienii affine MC_228,NZ_JAILSV010000009.1,78380,95034,9.70,1,1,1,1,1,
Xenorhabdus bovienii affine MC_78,NZ_JAILTI010000006.1,71412,88066,9.70,1,1,1,1,1,
Xenorhabdus bovienii affine MC_202,NZ_JAILTC010000001.1,176283,192937,9.70,1,1,1,1,1,
Xenorhabdus bovienii affine MC_94,NZ_JAILTG010000001.1,175890,192544,9.70,1,1,1,1,1,
Xenorhabdus bovienii affine MC_66,NZ_JAILTK010000001.1,175890,192544,9.70,1,1,1,1,1,
Xenorhabdus bovienii affine MC_255,NZ_JAILSP010000001.1,414253,430907,9.70,1,1,1,1,1,
Xenorhabdus bovienii affine MC_81,NZ_JAILTH010000001.1,414013,430667,9.70,1,1,1,1,1,
Xenorhabdus bovienii affine MC_52,NZ_JAILTM010000001.1,409999,426653,9.70,1,1,1,1,1,
Xenorhabdus bovienii affine LD_28,NZ_JAILTU010000006.1,119940,136594,9.70,1,1,1,1,1,
Xenorhabdus bovienii MC_235_E_2016,NZ_JAILST010000001.1,388228,404882,9.70,1,1,1,1,1,
Xenorhabdus bovienii affine MC_10,NZ_JAILTR010000002.1,92079,108733,9.70,1,1,1,1,1,
Xenorhabdus bovienii MC_233_E_2016,NZ_JAILSU010000010.1,6624,23278,9.70,1,1,1,1,1,
Xenorhabdus bovienii texanum MC_214,NZ_JAILTA010000013.1,6624,23278,9.70,1,1,1,1,1,
Xenorhabdus bovienii MC_226_F_2016,NZ_JAILSW010000002.1,47042,63696,9.70,1,1,1,1,1,
Xenorhabdus bovienii SS-2004,NC_013892.1,2899495,2915996,9.70,1,1,1,1,1,
Xenorhabdus bovienii texanum MC_19,NZ_JAILTP010000005.1,84714,101380,9.69,1,1,1,1,1,
Xenorhabdus bovienii texanum LD_27A,NZ_JAILTV010000009.1,65265,81931,9.69,1,1,1,1,1,
Xenorhabdus bovienii texanum LD_27B,NZ_JAILXJ010000009.1,65265,81931,9.69,1,1,1,1,1,
Xenorhabdus bovienii affine MC_211,NZ_JAILTB010000002.1,222434,239124,9.56,1,1,1,1,1,
Xenorhabdus bovienii affine MC_216,NZ_JAILSZ010000001.1,228034,244868,9.56,1,1,1,1,1,
Xenorhabdus bovienii affine MC_221,NZ_JAILSX010000001.1,391267,407993,9.56,1,1,1,1,1,
Xenorhabdus bovienii affine MC_218,NZ_JAILSY010000015.1,48397,65159,9.56,1,1,1,1,1,
Xenorhabdus bovienii kraussei MC_59,NZ_JAILTL010000013.1,46103,62793,9.56,1,1,1,1,1,
Xenorhabdus bovienii MC_239_E_2016,NZ_JAILSS010000008.1,15008,31698,9.56,1,1,1,1,1,
Xenorhabdus bovienii kraussei MC_67,NZ_JAILTJ010000013.1,46103,62937,9.56,1,1,1,1,1,
Xenorhabdus bovienii MC_266_E_2016,NZ_JAILSO010000013.1,46103,62865,9.56,1,1,1,1,1,
Xenorhabdus bovienii str. Intermedium,NZ_CAWLWA010000207.1,50852,67505,9.72,1,1,1,1,1,
Xenorhabdus bovienii str. puntauvense,NZ_CAWLWN010000254.1,17357,33867,9.70,1,1,1,1,1,
Xenorhabdus bovienii str. feltiae Moldova,NZ_CAWLWD010000154.1,66643,83225,9.70,1,1,1,1,1,
Xenorhabdus bovienii str. oregonense,NZ_CAWLUU010000175.1,47493,63976,9.70,1,1,1,1,1,
Xenorhabdus bovienii str. kraussei Quebec,NZ_CAWLZI010000016.1,6941,23559,9.70,1,1,1,1,1,
Xenorhabdus bovienii str. feltiae France,NZ_CAWLXC010000169.1,47272,63854,9.70,1,1,1,1,1,
Xenorhabdus bovienii str. feltiae Florida,NZ_CAWLXJ010000110.1,45868,62450,9.70,1,1,1,1,1,
Xenorhabdus bovienii str. kraussei Becker Underwood,NZ_CAWLXS010000020.1,7272,23821,9.70,1,1,1,1,1,
Xenorhabdus bovienii str. Jollieti,NZ_CAWLWO010000131.1,42302,58803,9.70,1,1,1,1,1,
Xenorhabdus aichiensis XENO-7,NZ_JAQRFO010000033.1,8116,24626,9.70,1,1,1,1,1,
Dickeya zeae ZJU1202,NZ_AJVN01000016.1,42508,59158,9.69,1,1,1,1,1,
Dickeya zeae EC1,CP006929.1,1431347,1440794,7.43,0,1,1,1,1,
Dickeya oryzae ZYY5,NZ_ML762923.1,191301,207981,9.69,1,1,1,1,1,
Dickeya solani RNS 05.1.2A,NZ_CP104920.1,3579297,3595811,6.53,1,1,0,1,1,
Dickeya solani A623-S20-A17,NZ_JAIZGA010000001.1,891981,908482,9.69,1,1,1,1,1,
Dickeya solani RNS10-105-1A,NZ_JAPTND010000043.1,81629,98130,9.69,1,1,1,1,1,
Dickeya solani FVG14-S21A17-C8,NZ_JAWLLJ010000010.1,71221,87722,9.69,1,1,1,1,1,
Dickeya solani FVG13-S21A17-D9,NZ_JAWLLK010000006.1,71221,87722,9.69,1,1,1,1,1,
Dickeya solani FVG9-S3-A17-E1,NZ_JAWLLL010000013.1,71221,87722,9.69,1,1,1,1,1,
Dickeya solani FVG2-MFV017-A9,NZ_JAWLLM010000002.1,592758,609259,9.69,1,1,1,1,1,
Dickeya solani RNS 08.23.3.1.A,NZ_CP016928.1,4379566,4396100,9.68,1,1,1,1,1,
Dickeya solani PO3796,NZ_JAWLLI010000005.1,575260,591794,9.68,1,1,1,1,1,
Dickeya solani PO3796,JAWLLI010000005.1,575278,591794,9.68,1,1,1,1,1,
Dickeya solani IPO 2222,CP015137.1,3718802,3735336,9.68,1,1,1,1,1,
Dickeya solani IPO 2222,NZ_CM001859.1,1509186,1525702,9.68,1,1,1,1,1,
Dickeya solani D s0432-1,CP017453.1,1182329,1198863,9.68,1,1,1,1,1,
Dickeya solani D s0432-1,AMWE01000002.1,575597,592131,9.68,1,1,1,1,1,
Dickeya solani D s0432-1,NZ_AMWE01000002.1,575615,592131,9.68,1,1,1,1,1,
Dickeya solani D s0432-1,NZ_CP017453.1,1182329,1198845,9.68,1,1,1,1,1,
Dickeya solani PPO 9019,CP017454.1,1175550,1192084,9.68,1,1,1,1,1,
Dickeya solani PPO 9019,NZ_CP017454.1,1175550,1192066,9.68,1,1,1,1,1,
Dickeya solani IFB0223,CP024710.1,1555321,1571855,9.68,1,1,1,1,1,
Dickeya solani IFB0223,NZ_CP024710.1,1555339,1571855,9.68,1,1,1,1,1,
Dickeya solani IFB 0099,CP024711.1,1558471,1575005,9.68,1,1,1,1,1,
Dickeya solani IFB 0099,NZ_CP024711.1,1558489,1575005,9.68,1,1,1,1,1,
Dickeya solani D12,PGUT01000007.1,5301,21836,6.53,1,1,0,1,1,
Dickeya solani D12,NZ_PGUT01000007.1,5319,21836,6.53,1,1,0,1,1,
Dickeya solani CH05026,JAEKIO010000002.1,54114,70648,9.68,1,1,1,1,1,
Dickeya solani CH05026,NZ_JAEKIO010000002.1,54132,70648,9.68,1,1,1,1,1,
Dickeya solani CH9635-1,JAEKIM010000017.1,55183,71717,9.68,1,1,1,1,1,
Dickeya solani CH9635-1,NZ_JAEKIM010000017.1,55201,71717,9.68,1,1,1,1,1,
Dickeya solani CH07044,JAEKIP010000002.1,31529,48063,9.68,1,1,1,1,1,
Dickeya solani CH07044,NZ_JAEKIP010000002.1,31547,48063,9.68,1,1,1,1,1,
Dickeya solani CH9918-774,JAEKIN010000010.1,94200,110734,9.68,1,1,1,1,1,
Dickeya solani CH9918-774,NZ_JAEKIN010000010.1,94200,110716,9.68,1,1,1,1,1,
Dickeya solani M21a,VZQM01000029.1,55184,71718,9.68,1,1,1,1,1,
Dickeya solani M21a,NZ_VZQM01000029.1,55202,71718,9.68,1,1,1,1,1,
Dickeya solani MIE35,VZQI01000003.1,377095,393629,9.68,1,1,1,1,1,
Dickeya solani MIE35,NZ_VZQI01000003.1,377113,393629,9.68,1,1,1,1,1,
Dickeya solani Sp1a,VZQL01000039.1,42815,59349,9.68,1,1,1,1,1,
Dickeya solani Sp1a,NZ_VZQL01000039.1,42833,59349,9.68,1,1,1,1,1,
Dickeya solani RNS10-27-2A,VZQJ01000009.1,155608,172142,9.68,1,1,1,1,1,
Dickeya solani RNS10-27-2A,NZ_VZQJ01000009.1,155626,172142,9.68,1,1,1,1,1,
Dickeya solani Am3a,VZQK01000010.1,94200,110734,9.68,1,1,1,1,1,
Dickeya solani Am3a,NZ_VZQK01000010.1,94200,110716,9.68,1,1,1,1,1,
Dickeya solani IFB0311,JABAOO010000001.1,1311711,1328245,9.68,1,1,1,1,1,
Dickeya solani IFB0311,NZ_JABAOO010000001.1,1311729,1328245,9.68,1,1,1,1,1,
Dickeya solani IFB0487,JABAOP010000003.1,296262,312796,9.68,1,1,1,1,1,
Dickeya solani IFB0212,JABAON010000001.1,2076692,2093226,9.68,1,1,1,1,1,
Dickeya solani IFB0212,NZ_JABAON010000001.1,2076692,2093208,9.68,1,1,1,1,1,
Dickeya solani F012,PGOJ01000001.1,160286,176820,9.68,1,1,1,1,1,
Dickeya solani F012,NZ_PDVN01000001.1,160286,176802,9.68,1,1,1,1,1,
Dickeya solani IFB0167,CP051457.1,1558476,1575010,9.68,1,1,1,1,1,
Dickeya solani IFB0167,NZ_CP051457.1,1558494,1575010,9.68,1,1,1,1,1,
Dickeya solani IFB0231,CP051458.1,1558476,1575010,9.68,1,1,1,1,1,
Dickeya solani IFB0231,NZ_CP051458.1,1558494,1575010,9.68,1,1,1,1,1,
Dickeya solani IFB0417,CP051459.1,1558212,1574746,9.68,1,1,1,1,1,
Dickeya solani IFB0421,CP051460.1,1558438,1574972,9.68,1,1,1,1,1,
Dickeya solani IFB0421,NZ_CP051460.1,1558456,1574972,9.68,1,1,1,1,1,
Dickeya solani IPO2019,CP071062.1,1558491,1575025,9.68,1,1,1,1,1,
Dickeya solani IPO2019,NZ_CP071062.1,1558509,1575025,9.68,1,1,1,1,1,
Dickeya solani IFB_0158,PENA01000007.1,94234,110768,9.68,1,1,1,1,1,
Dickeya solani IFB_0158,NZ_PENA01000007.1,94234,110750,9.68,1,1,1,1,1,
Dickeya solani IFB_0221,PEMZ01000003.1,94234,110768,9.68,1,1,1,1,1,
Dickeya solani IFB_0221,NZ_PEMZ01000003.1,94234,110750,9.68,1,1,1,1,1,
Dickeya solani MK10,NZ_CM001839.1,1507886,1524402,9.68,1,1,1,1,1,
Dickeya solani MK16,NZ_CM001842.1,1508199,1524715,9.68,1,1,1,1,1,
Dickeya solani GBBC 2040,NZ_CM001860.1,1504705,1521221,9.68,1,1,1,1,1,
Dickeya solani DsR34,NZ_CP110886.2,3718815,3735331,9.68,1,1,1,1,1,
Dickeya solani DsR207,NZ_CP110887.2,3718760,3735276,9.68,1,1,1,1,1,
Dickeya solani RNS15-102-1A,NZ_JAPTMZ010000017.1,94086,110602,9.68,1,1,1,1,1,
Dickeya solani RNS13-48-1A,NZ_JAPTNA010000001.1,54132,70648,9.68,1,1,1,1,1,
Dickeya solani RNS13-31-1A,NZ_JAPTNB010000011.1,37486,54002,9.68,1,1,1,1,1,
Dickeya solani RNS13-0-1B,NZ_JAPTNC010000015.1,54662,71178,9.68,1,1,1,1,1,
Dickeya solani RNS 07.7.3B,NZ_JWLR01000002.1,94237,110753,9.68,1,1,1,1,1,
Dickeya solani PPO 9134,NZ_JWLT01000004.1,959369,975885,9.68,1,1,1,1,1,
Dickeya solani CFBP5647,CP136339.1,2970478,2987000,9.68,1,1,1,1,1,
Dickeya solani CFBP5647,NZ_CP136339.1,2970460,2987000,9.68,1,1,1,1,1,
Dickeya solani IFB0695,NZ_JABAOQ010000003.1,746187,755635,7.43,0,1,1,1,1,
Dickeya sp. MK7,NZ_CM001984.1,1537817,1554296,9.68,1,1,1,1,1,
Dickeya sp. Secpp 1600,NZ_CP023484.1,1578877,1595385,9.68,1,1,1,1,1,
Dickeya sp. NCPPB 3274,NZ_CM001979.1,1547786,1564335,9.68,1,1,1,1,1,
Dickeya fangzhongdai Onc5,NZ_CP080400.1,1567800,1584279,9.68,1,1,1,1,1,
Dickeya fangzhongdai Onc5,CP080400.1,1567782,1584279,9.68,1,1,1,1,1,
Dickeya fangzhongdai B16,NZ_CP087226.1,1568066,1584545,9.68,1,1,1,1,1,
Dickeya fangzhongdai 643b,NZ_CP092458.1,1693244,1709719,9.68,1,1,1,1,1,
Dickeya fangzhongdai J21-2,NZ_CP109768.1,1627777,1644280,9.69,1,1,1,1,1,
Dickeya fangzhongdai M005,JSXD01000002.1,183628,200124,9.68,1,1,1,1,1,
Dickeya fangzhongdai M005,NZ_JSXD01000002.1,183628,200121,9.68,1,1,1,1,1,
Dickeya fangzhongdai ZXC1,NZ_CP119773.1,3185020,3201525,9.68,1,1,1,1,1,
Dickeya fangzhongdai PA1,CP020872.1,1579136,1595645,9.68,1,1,1,1,1,
Dickeya fangzhongdai PA1,NZ_CP020872.1,1579154,1595645,9.68,1,1,1,1,1,
Dickeya fangzhongdai S1,NZ_JXBO02000002.1,724669,741190,9.61,1,1,1,1,1,
Dickeya fangzhongdai 908C,NZ_JADCNJ010000020.1,33735,50217,9.68,1,1,1,1,1,
Dickeya fangzhongdai 908C,JADCNJ010000020.1,33717,50217,9.68,1,1,1,1,1,
Dickeya fangzhongdai AP6,NZ_CP092460.1,1652106,1668594,9.68,1,1,1,1,1,
Dickeya fangzhongdai QZH3,NZ_CP031507.1,1667769,1684257,9.68,1,1,1,1,1,
Dickeya fangzhongdai DSM 101947,CP025003.1,1667852,1684340,9.68,1,1,1,1,1,
Dickeya fangzhongdai DSM 101947,NZ_CP025003.1,1667870,1684340,9.68,1,1,1,1,1,
Dickeya fangzhongdai CGMCC 1.15464,BMJF01000008.1,142966,159454,9.68,1,1,1,1,1,
Dickeya fangzhongdai CGMCC 1.15464,NZ_BMJF01000008.1,142966,159436,9.68,1,1,1,1,1,
Dickeya fangzhongdai LN1,CP031505.1,1667771,1684259,9.68,1,1,1,1,1,
Dickeya fangzhongdai LN1,NZ_CP031505.1,1667789,1684259,9.68,1,1,1,1,1,
Dickeya fangzhongdai LCCT2-1,NZ_CP107065.1,1189646,1206116,9.68,1,1,1,1,1,
Dickeya fangzhongdai NHT-1,NZ_CP107066.1,3858898,3875368,9.68,1,1,1,1,1,
Dickeya fangzhongdai PL145,NZ_CP094338.1,1319431,1335924,6.60,1,1,1,0,1,
Dickeya fangzhongdai ND14b,NZ_CP009460.1,1159084,1175574,9.68,1,1,1,1,1,
Dickeya fangzhongdai ND14b,CP009460.1,1159084,1175577,9.68,1,1,1,1,1,
Dickeya fangzhongdai M074,NZ_JRWY01000011.1,47792,64282,9.68,1,1,1,1,1,
Dickeya fangzhongdai M074,JRWY01000011.1,47789,64282,9.68,1,1,1,1,1,
Dickeya fangzhongdai ECM-1,CP107067.1,1262489,1278984,9.68,1,1,1,1,1,
Dickeya dadantii A622-S1-A17,NZ_JAIZFY010000018.1,130456,146968,9.69,1,1,1,1,1,
Dickeya dadantii FZ06,NZ_CP094943.1,1684446,1701048,9.55,1,1,1,1,1,
Dickeya dadantii S3-1,NZ_CP076386.1,3880252,3889699,7.43,0,1,1,1,1,
Xenorhabdus littoralis Reich,NZ_VCDP01000034.1,62280,78116,9.66,1,1,1,1,1,
Xenorhabdus littoralis Reich,VCDP01000034.1,62280,78116,9.66,1,1,1,1,1,
Xenorhabdus littoralis PSL,NZ_VCDO01000005.1,54601,70575,9.66,1,1,1,1,1,
Xenorhabdus littoralis psl,VCDO01000005.1,54601,70575,9.66,1,1,1,1,1,
Xenorhabdus sp. Flor,NZ_JACXBB010000094.1,33056,48992,9.67,1,1,1,1,1,
Xenorhabdus sp. SGI246,NZ_JBFPEZ010000005.1,17919,33825,9.67,1,1,1,1,1,
Xenorhabdus sp. NBAII XenSa04,NZ_JTHK01000007.1,33012,48924,9.67,1,1,1,1,1,
Xenorhabdus sp. AUT15.5,NZ_JBBMXE010000010.1,257893,273809,9.66,1,1,1,1,1,
Xenorhabdus sp. KJ12.1,NZ_NJCW01000002.1,162402,178198,9.65,1,1,1,1,1,
Xenorhabdus sp. KJ12.1,NJCW01000002.1,162402,178198,9.65,1,1,1,1,1,
Xenorhabdus sp. KK7.4,NZ_NJAH01000006.1,44975,60701,9.65,1,1,1,1,1,
Xenorhabdus sp. PB61.4,NZ_JAGJJW010000010.1,33794,49599,9.65,1,1,1,1,1,
Xenorhabdus sp. PB30.3,NZ_JAGJJV010000025.1,1299,17049,9.65,1,1,1,1,1,
Xenorhabdus sp. PB30.3,JAGJJV010000025.1,1299,17049,9.65,1,1,1,1,1,
Xenorhabdus sp. CS20,NZ_JBBMXG010000001.1,249141,265003,9.65,1,1,1,1,1,
Xenorhabdus sp. 42,NZ_JACXBD010000003.1,47423,63250,9.65,1,1,1,1,1,
Xenorhabdus sp. ZM,NZ_JACXBG010000067.1,48169,64008,9.65,1,1,1,1,1,
Xenorhabdus sp. 5,NZ_JACXBC010000011.1,53620,69423,9.65,1,1,1,1,1,
Xenorhabdus sp. CUL,NZ_JACXBI010000033.1,47477,63280,9.65,1,1,1,1,1,
Xenorhabdus sp. M,NZ_JACXBF010000237.1,47451,63278,9.65,1,1,1,1,1,
Xenorhabdus sp. 38,NZ_JACXBK010000014.1,54677,70510,9.65,1,1,1,1,1,
Xenorhabdus cabanillasii DSM 17905,NZ_QTUB01000001.1,2522681,2538539,9.67,1,1,1,1,1,
Xenorhabdus cabanillasii JM26,NZ_CBXE010000186.1,48798,64671,9.67,1,1,1,1,1,
Xenorhabdus cabanillasii JM26,NZ_NJGH01000020.1,14782,30655,9.67,1,1,1,1,1,
Xenorhabdus sp. NBAII XenSa04,NZ_CAWMEB010000421.1,33012,48924,9.67,1,1,1,1,1,
Xenorhabdus indica NBAII SC04,NZ_JAJJOW010000192.1,50918,66830,9.67,1,1,1,1,1,
Xenorhabdus indica,NZ_CAWPSA010000045.1,32967,48897,9.67,1,1,1,1,1,
Xenorhabdus indica DSM 17382,NZ_NKHP01000017.1,32967,48897,9.67,1,1,1,1,1,
Xenorhabdus hominickii,NZ_CAWNQJ010000068.1,321525,337457,9.67,1,1,1,1,1,
Xenorhabdus hominickii ANU1,NZ_CP016176.1,285197,301129,9.67,1,1,1,1,1,
Xenorhabdus hominickii ANU1,CP016176.1,291575,301129,7.43,0,1,1,1,1,
Xenorhabdus hominickii DSM 17903,NZ_NJAI01000004.1,321525,337457,9.67,1,1,1,1,1,
Xenorhabdus cabanillasii JM26,NZ_CAWLVK010000186.1,48798,64671,9.67,1,1,1,1,1,
Xenorhabdus cabanillasii JM26,NZ_CAWNQM010000113.1,14782,30655,9.67,1,1,1,1,1,
Photorhabdus temperata subsp. temperata M1021,NZ_CAWLXI010000024.1,17007,30068,5.57,1,1,1,0,0,
Xenorhabdus budapestensis C-7-2,NZ_CP072455.1,1591751,1607643,9.66,1,1,1,1,1,
Xenorhabdus budapestensis,NZ_CAWNNJ010000046.1,54619,70511,9.66,1,1,1,1,1,
Xenorhabdus budapestensis DSM 16342,NZ_NIBS01000014.1,54619,70511,9.66,1,1,1,1,1,
Xenorhabdus stockiae,NZ_CAWNRH010000001.1,141714,157510,9.65,1,1,1,1,1,
Xenorhabdus stockiae DSM 17904,NZ_NJAJ01000001.1,141714,157510,9.65,1,1,1,1,1,
Xenorhabdus sp. KJ12.1,NZ_CAWNQH010000061.1,162402,178198,9.65,1,1,1,1,1,
Xenorhabdus sp. KK7.4,NZ_CAWNQF010000111.1,44975,60701,9.65,1,1,1,1,1,
Xenorhabdus sp. PB61.4,NZ_CAWQJR010000002.1,33794,49599,9.65,1,1,1,1,1,
Xenorhabdus innexi,NZ_CAWNQC010000001.1,51115,66410,9.65,1,1,1,1,1,
Xenorhabdus innexi,NZ_CAWRBJ010000001.1,636896,652191,9.65,1,1,1,1,1,
Xenorhabdus innexi HGB1681 (deposited as PTA-6826 in the American Type Culture Collection),NZ_LT699767.1,636896,652191,9.65,1,1,1,1,1,
Xenorhabdus innexi HGB1681 (deposited as PTA-6826 in the American Type Culture Collection),FTLG01000188.1,139921,155216,9.65,1,1,1,1,1,
Xenorhabdus innexi DSM 16336,NZ_NIBU01000001.1,51115,66410,9.65,1,1,1,1,1,
Xenorhabdus innexi DSM 16336,NIBU01000001.1,51115,66410,9.65,1,1,1,1,1,
Xenorhabdus sp. PB30.3,NZ_CAWQMW010000117.1,1299,17049,9.65,1,1,1,1,1,
Xenorhabdus szentirmaii,NZ_CAWNPE010000001.1,325716,341498,9.65,1,1,1,1,1,
Xenorhabdus szentirmaii US123,NZ_NIUA01000001.1,325716,341498,9.65,1,1,1,1,1,
Xenorhabdus szentirmaii PAM25,NZ_JBEBLZ010000027.1,48399,64226,9.65,1,1,1,1,1,
Xenorhabdus szentirmaii DSM 16338,NZ_CBXF010000078.1,0,13221,5.53,1,1,1,0,0,
Xenorhabdus szentirmaii DSM 16338,NZ_NIBV01000002.1,2059824,2075687,9.65,1,1,1,1,1,
Xenorhabdus szentirmaii DSM 16338,NZ_CAWLWS010000078.1,0,13221,5.53,1,1,1,0,0,
Xenorhabdus szentirmaii DSM 16338,NZ_CAWNPB010000012.1,2059824,2075687,9.65,1,1,1,1,1,
Chitinivorax sp. B,NZ_SCOH01000006.1,73053,89549,9.61,1,1,1,1,1,
Candidatus Celerinatantimonas neptuna,OU461276.1,3400268,3416456,9.61,1,1,1,1,1,
Chitinivorax tropicus DSM 27165,NZ_JACHHY010000001.1,36766,53233,9.60,1,1,1,1,1,
Aquabacterium sp. A7-Y,NZ_JAPFBW010000017.1,85653,102005,9.59,1,1,1,1,1,
Aquabacterium sp.,SCTQ01000368.1,8043,17467,7.37,0,1,1,1,1,
Paludibacterium paludis KCTC 32182,NZ_BMYX01000008.1,113591,129849,9.59,1,1,1,1,1,
Paludibacterium paludis KCTC 32182,BMYX01000008.1,113591,129849,9.59,1,1,1,1,1,
Paludibacterium paludis BCRC 80514,NZ_CP069161.1,659308,675566,9.59,1,1,1,1,1,
Chromobacterium haemolyticum GD04138,NZ_JAODZN010000001.1,62736,79399,9.59,1,1,1,1,1,
Chromobacterium haemolyticum C-61,NZ_CAEE01000552.1,4460,9821,5.23,0,0,1,1,1,
Chromobacterium haemolyticum UGAL515B_03,NZ_CP109905.1,186072,202914,9.56,1,1,1,1,1,
Chromobacterium haemolyticum ZR-1,NZ_JAEILV010000002.1,242986,259829,9.59,1,1,1,1,1,
Chromobacterium haemolyticum WJ-5,NZ_JAFLRD010000002.1,242986,259829,9.59,1,1,1,1,1,
Chromobacterium haemolyticum JD-14,NZ_JAFLRE010000002.1,141465,158308,9.59,1,1,1,1,1,
Chromobacterium haemolyticum CH06-BL,AP019312.1,2030410,2047137,9.59,1,1,1,1,1,
Chromobacterium haemolyticum CH06-BL,NZ_AP019312.1,2030449,2047137,9.59,1,1,1,1,1,
Chromobacterium haemolyticum DSM 19808,NZ_KL543995.1,180311,197154,9.59,1,1,1,1,1,
Chromobacterium haemolyticum Bb2,NZ_CP061849.1,1990394,2007082,9.59,1,1,1,1,1,
Chromobacterium haemolyticum Bb2,CP061849.1,1990355,2007082,9.59,1,1,1,1,1,
Chromobacterium haemolyticum T124,NZ_JRFR01000015.1,141364,158238,9.59,1,1,1,1,1,
Chromobacterium haemolyticum IR17,NZ_LXRL01000073.1,77035,93877,9.54,1,1,1,1,1,
Chromobacterium haemolyticum H5244,NZ_MUKV01000003.1,29710,46700,9.59,1,1,1,1,1,
Chromobacterium haemolyticum H5244,MUKV01000003.1,29671,46700,9.59,1,1,1,1,1,
Chromobacterium haemolyticum H3973,MUKT01000001.1,138355,154788,9.54,1,1,1,1,1,
Chromobacterium haemolyticum H3973,NZ_MUKT01000001.1,138394,154788,9.54,1,1,1,1,1,
Chromobacterium haemolyticum H4137,NZ_MUKU01000002.1,197973,214653,9.59,1,1,1,1,1,
Chromobacterium haemolyticum H4137,MUKU01000002.1,197934,214653,9.59,1,1,1,1,1,
Chromobacterium haemolyticum,NZ_JBBIGS010000028.1,3440,13127,7.38,0,1,1,1,1,
Chromobacterium sp. Panama,NZ_QARX01000001.1,2222837,2239391,9.59,1,1,1,1,1,
Chromobacterium sp. IRSSSOUMB001,NZ_JALCYU010000011.1,175772,192646,9.59,1,1,1,1,1,
Chromobacterium sp. Rain0013,CP031514.1,2877404,2894286,9.59,1,1,1,1,1,
Chromobacterium sp. Rain0013,NZ_CP031514.1,2877443,2894286,9.59,1,1,1,1,1,
Chromobacterium sp.,NZ_JAYSGF010000017.1,45667,62455,9.59,1,1,1,1,1,
Chromobacterium sp. LK1,NZ_LDUI01000035.1,15564,32342,9.59,1,1,1,1,1,
Chromobacterium sp. LK1,LDUI01000035.1,15564,32342,9.59,1,1,1,1,1,
Chromobacterium sp. Beijing,NZ_CP053750.1,1681997,1698626,9.55,1,1,1,1,1,
Chromobacterium sp. Beijing,CP053750.1,1681997,1698626,6.45,1,1,0,1,1,
Chromobacterium sp. LK11,NZ_LDUR01000001.1,7458,23905,9.59,1,1,1,1,1,
Chromobacterium sp. LK11,LDUR01000001.1,7458,23905,9.59,1,1,1,1,1,
Chromobacterium sp. S0633,NZ_JAMZGH010000049.1,40916,46183,5.23,0,0,1,1,1,
Chromobacterium fluminis HSC-31F16,JAAOMA010000026.1,38403,54944,9.59,1,1,1,1,1,
Chromobacterium fluminis HSC-31F16,NZ_JAAOMA010000026.1,38403,54905,9.59,1,1,1,1,1,
Chromobacterium aquaticum CGMCC 4.7608,NZ_JBHSEK010000006.1,215008,231804,9.59,1,1,1,1,1,
Chromobacterium aquaticum DSM 19852,NZ_JAJOHW010000029.1,6023,11358,5.23,0,0,1,1,1,
Chromobacterium rhizoryzae 32279,NZ_CP066126.1,2211176,2227727,9.59,1,1,1,1,1,
Chromobacterium rhizoryzae JP2-74,NZ_CP031968.1,1944714,1961588,9.59,1,1,1,1,1,
Chromobacterium rhizoryzae JP2-74,CP031968.1,1944675,1961588,9.59,1,1,1,1,1,
Chromobacterium alkanivorans S00296,NZ_JANUCN010000014.1,33919,50530,9.59,1,1,1,1,1,
Chromobacterium alkanivorans S00172,JANUCI010000013.1,33919,50530,9.59,1,1,1,1,1,
Chromobacterium alkanivorans S00172,NZ_JANUCI010000013.1,33958,50530,9.59,1,1,1,1,1,
Chromobacterium alkanivorans S00115,JANUCH010000013.1,33919,50530,9.59,1,1,1,1,1,
Chromobacterium alkanivorans S00115,NZ_JANUCH010000013.1,33958,50530,9.59,1,1,1,1,1,
Chromobacterium alkanivorans IITR-71,NZ_JAFHKL010000005.1,34153,50711,9.59,1,1,1,1,1,
Photorhabdus asymbiotica,FM162591.1,1044635,1058664,5.55,1,1,1,0,0,
Photorhabdus asymbiotica,NC_012962.1,1044677,1058664,5.55,1,1,1,0,0,
Photorhabdus asymbiotica,NZ_CAWQMT010000003.1,39897,53884,5.55,1,1,1,0,0,
Photorhabdus asymbiotica DSM 15149,NZ_RBLJ01000003.1,39897,53884,5.55,1,1,1,0,0,
Photorhabdus asymbiotica subsp. asymbiotica ATCC 43949,FM211056.1,21909,35938,5.55,1,1,1,0,0,
Photorhabdus cinerea,NZ_CAWPIB010000001.1,114733,128754,5.56,1,1,1,0,0,
Photorhabdus cinerea DSM 19724,NZ_PUJW01000001.1,114733,128754,5.56,1,1,1,0,0,
Photorhabdus australis subsp. thailandensis,NZ_CAWMQZ010000005.1,21901,35881,5.54,1,1,1,0,0,
Photorhabdus australis subsp. thailandensis PB68.1,NZ_LOMY01000005.1,21901,35881,5.54,1,1,1,0,0,
Photorhabdus australis subsp. thailandensis PB68.1,LOMY01000005.1,21901,35881,5.55,1,1,1,0,0,
Photorhabdus australis DSM 17609,NZ_CAWLTP010000021.1,48550,62445,5.55,1,1,1,0,0,
Photorhabdus australis DSM 17609,NZ_JONO01000026.1,48550,62445,5.55,1,1,1,0,0,
Halioxenophilus aromaticivorans KU68F,NZ_AP031496.1,3832996,3849512,9.50,1,1,1,1,1,
Halioxenophilus aromaticivorans JCM 19134,NZ_BAABLX010000029.1,58562,75078,9.50,1,1,1,1,1,
Bowmanella denitrificans JCM 13378,NZ_BAAAEI010000006.1,1006950,1023297,9.51,1,1,1,1,1,
Bowmanella denitrificans JL63,NZ_PEBU01000004.1,200320,216667,9.51,1,1,1,1,1,
Xenorhabdus lircayensis,NZ_CAWPUD010000029.1,60170,77019,9.61,1,1,1,1,1,
Xenorhabdus lircayensis VLS,NZ_JACOII010000031.1,60170,77019,9.61,1,1,1,1,1,
Enterobacteriaceae bacterium,JAIRVT010000023.1,296,14306,7.52,1,1,1,1,0,
Paraglaciecola sp.,NZ_JBBKXH010000008.1,42433,59244,9.49,1,1,1,1,1,
Pseudoalteromonas aurantia S3790,NZ_PNBX01000116.1,25313,41513,9.42,1,1,1,1,1,
Pseudoalteromonas aurantia S3788,NZ_PNBY01000067.1,3042,12653,7.27,0,1,1,1,1,
Pseudoalteromonas aurantia S3895,NZ_PNBW01000055.1,36287,45898,7.27,0,1,1,1,1,
Agrobacterium sp. ST15.13.013,NZ_JAQKGP010000006.1,19150,35232,6.36,1,1,0,1,1,
Agrobacterium sp. LMR679,NZ_JAPVOJ010000002.1,2569156,2585610,4.21,1,0,0,1,1,
Agrobacterium sp. T29,NZ_CP040640.1,1175112,1191573,9.42,1,1,1,1,1,
Agrobacterium sp. CNPSo 2736,RZTX01000002.1,164668,181138,6.36,1,1,0,1,1,
Agrobacterium sp. CNPSo 2736,NZ_RZTX01000002.1,164671,181138,9.41,1,1,1,1,1,
Agrobacterium sp. ST15.16.055,NZ_JAQKGN010000005.1,205025,221512,6.36,1,1,0,1,1,
Agrobacterium sp. LC34,NZ_LBHX02000001.1,1119458,1135927,9.41,1,1,1,1,1,
Agrobacterium sp. LC34,LBHX02000001.1,1119458,1135927,6.36,1,1,0,1,1,
Agrobacterium sp.,NZ_DAMAJE010000007.1,117589,134069,9.41,1,1,1,1,1,
Agrobacterium sp. V1,NZ_JAULSF010000001.1,1163264,1179726,9.41,1,1,1,1,1,
Agrobacterium sp. O3.4,NZ_JALPZP010000001.1,1120633,1137113,9.41,1,1,1,1,1,
Agrobacterium sp. ST15.13.095,NZ_JAQAHG010000001.1,223244,239706,9.41,1,1,1,1,1,
Agrobacterium sp. ST15.16.024,NZ_JAQKGO010000001.1,1393578,1410040,9.41,1,1,1,1,1,
Agrobacterium tumefaciens 17-1850B-1b,NZ_JAAMAZ010000037.1,154334,170802,9.42,1,1,1,1,1,
Agrobacterium tumefaciens 17-1850B-1b,JAAMAZ010000037.1,154334,170802,6.36,1,1,0,1,1,
Agrobacterium tumefaciens 17-1850-1d,NZ_JAAMBB010000052.1,154572,171040,9.42,1,1,1,1,1,
Agrobacterium tumefaciens 17-1850-1d,JAAMBB010000052.1,154572,171040,6.36,1,1,0,1,1,
Agrobacterium tumefaciens SJ003,NZ_CP048537.1,1148782,1165249,9.41,1,1,1,1,1,
Agrobacterium tumefaciens SJ003,CP048537.1,1148782,1165249,6.36,1,1,0,1,1,
Agrobacterium tumefaciens CFBP6623,NZ_CP039903.1,1165219,1181688,9.41,1,1,1,1,1,
Agrobacterium tumefaciens CFBP6623,CP039903.1,1165219,1181688,6.36,1,1,0,1,1,
Agrobacterium tumefaciens IIF1SW-B1,NZ_JABXYF010000002.1,176622,193293,9.41,1,1,1,1,1,
Agrobacterium tumefaciens IIF1SW-B1,JABXYF010000002.1,176622,193293,6.36,1,1,0,1,1,
Rhizobium sp. NFACC06-2,NZ_FMVA01000007.1,5538,22002,6.36,1,1,0,1,1,
Rhizobium sp. NFACC06-2,FMVA01000007.1,5538,22110,6.36,1,1,0,1,1,
Rhizobium sp. YIC5082,POYI01000006.1,375730,392217,6.36,1,1,0,1,1,
Rhizobium sp. SEMIA 4032,NZ_QERH01000001.1,863363,879809,6.38,1,1,1,0,1,
Rhizobium sp. SEMIA 4032,QERH01000001.1,863363,879809,4.33,1,1,0,0,1,
Rhizobium sp. AU243,NZ_QVNR01000001.1,139245,155711,9.41,1,1,1,1,1,
Rhizobium sp. AU243,QVNR01000001.1,139245,155711,6.36,1,1,0,1,1,
Rhizobium sp. Root651,NZ_LMHB01000012.1,673427,689844,9.41,1,1,1,1,1,
Rhizobium sp. Root651,LMHB01000012.1,673427,689844,9.41,1,1,1,1,1,
Agrobacterium leguminum ST07.17.026,NZ_JAPZLT010000002.1,565723,582185,9.42,1,1,1,1,1,
Agrobacterium leguminum AT13,NZ_CP119971.1,1215852,1232313,6.36,1,1,0,1,1,
Agrobacterium salinitolerans YIC 5082,NZ_MRDH01000006.1,375730,392217,6.36,1,1,0,1,1,
Agrobacterium salinitolerans NCPPB 2657,NZ_JAAMOL010000005.1,1199866,1216354,6.36,1,1,0,1,1,
Agrobacterium salinitolerans DG3-1,NZ_CP074393.1,1129555,1146026,6.36,1,1,0,1,1,
Agrobacterium salinitolerans ST15.16.055,NZ_JAQJJO010000005.1,204792,221279,6.36,1,1,0,1,1,
Agrobacterium salinitolerans ST15.16.021,NZ_JAPZLO010000005.1,65099,81586,6.36,1,1,0,1,1,
Agrobacterium salinitolerans ST15.13.013,NZ_JAQJJP010000005.1,207099,216322,4.22,0,1,0,1,1,
Agrobacterium salinitolerans ST04.16.212,NZ_JAPZLV010000001.1,368770,377993,4.22,0,1,0,1,1,
Agrobacterium radiobacter SEMIA 4072,JACHBJ010000001.1,449245,465694,9.40,1,1,1,1,1,
Agrobacterium radiobacter SEMIA 4072,NZ_JACHBJ010000001.1,449248,465694,6.38,1,1,1,0,1,
Agrobacterium radiobacter SEMIA 4026,NZ_JACIHB010000001.1,449248,465694,6.38,1,1,1,0,1,
Agrobacterium radiobacter SEMIA 4026,JACIHB010000001.1,449248,465694,9.40,1,1,1,1,1,
Agrobacterium deltaense Zutra 3/1 Zutra 3-1,FBWG01000007.1,99991,116461,9.42,1,1,1,1,1,
Agrobacterium deltaense Zutra 3/1 Zutra 3-1,NZ_LT009748.1,1516694,1533161,9.42,1,1,1,1,1,
Hyphomicrobiales bacterium,JACESH010000001.1,65718,82205,6.36,1,1,0,1,1,
Agrobacterium tomkonis CFBP 6623,NZ_LT009723.1,1620590,1637616,6.39,1,1,1,0,1,
Agrobacterium tomkonis CFBP 6623,FBWK01000019.1,3336,12563,4.25,0,1,1,0,1,
Agrobacterium tomkonis RTP8,NZ_JAFIRM010000049.1,421563,438043,9.41,1,1,1,1,1,
Agrobacterium tomkonis IIF1SW-B3,NZ_JABXYG010000002.1,237937,254608,9.41,1,1,1,1,1,
Agrobacterium tomkonis IIF1SW-B3,JABXYG010000002.1,237937,254608,6.36,1,1,0,1,1,
Agrobacterium tomkonis IIF1SW-B4,NZ_JABXYH010000003.1,176622,193293,9.41,1,1,1,1,1,
Agrobacterium tomkonis IIF1SW-B4,JABXYH010000003.1,176622,193293,6.36,1,1,0,1,1,
Rhizobium rhizogenes ST15.16.020,NZ_JAPYZY010000010.1,54680,71161,9.41,1,1,1,1,1,
Rhizobium rhizogenes ST07.17.004,NZ_JAPZAC010000003.1,55809,72289,9.41,1,1,1,1,1,
Rhizobium rhizogenes ST07.17.029,NZ_JAPZAA010000008.1,182647,199127,9.41,1,1,1,1,1,
Rhizobium rhizogenes ST04.16.045,NZ_JAPZAD010000001.1,1409562,1426024,9.41,1,1,1,1,1,
Rhizobium rhizogenes GBBC3284,NZ_SGNY01000001.1,850220,866682,9.41,1,1,1,1,1,
Rhizobium rhizogenes GBBC3284,SGNY01000001.1,850220,866682,6.36,1,1,0,1,1,
Rhizobium rhizogenes ST15.16.024,NZ_JARGYQ010000001.1,1393477,1409939,9.41,1,1,1,1,1,
Agrobacterium cucumeris O132,NZ_CP080387.1,1207138,1223618,9.41,1,1,1,1,1,
Pseudoalteromonas sp. A25,NZ_AP021846.1,735863,752256,9.37,1,1,1,1,1,
Pseudoalteromonas sp. A25,AP021846.1,735863,752256,9.37,1,1,1,1,1,
Pseudoalteromonas sp. S16_S37,NZ_JAAUWV010000001.1,160536,170181,7.27,0,1,1,1,1,
Nostoc sp. UHCC 0252,NZ_JAYGHE010000080.1,8468,19275,4.15,0,1,0,1,1,
Nostoc sp. MG11,NZ_JACXXN010000001.1,473144,488479,5.14,0,1,0,2,1,
Komarekiella atlantica HA4396-MV6,JAHHHK010000006.1,189081,204529,5.18,0,1,0,2,1,
Janthinobacterium fluminis hw3,NZ_JAQQXR010000003.1,469814,479325,7.38,0,1,1,1,1,
Massilia sp. W12,NZ_CP147776.1,1598824,1608548,7.37,0,1,1,1,1,
Desulfobacteraceae bacterium,QZKK01000152.1,2211,14237,4.15,0,1,0,1,1,
Calothrix sp. FI2-JRJ7,JAHHGX010000015.1,39888,54006,4.16,0,1,0,1,1,
Nostoc sp. ChiQUE01b,NZ_JAVRBM010000028.1,12726,27373,4.16,0,1,0,1,1,
Nostoc sp. ChiQUE01b,JAVRBM010000028.1,12732,27373,4.16,0,1,0,1,1,
Komarekiella delphini-convector SJRDD-AB1,NZ_VJXY01000032.1,59682,75052,5.18,0,1,0,2,1,
Komarekiella delphini-convector SJRDD-AB1,VJXY01000032.1,59682,75052,5.18,0,1,0,2,1,
Nostoc sp. (2019) B,WVID01000005.1,240063,255386,5.18,0,1,0,2,1,
aff. Roholtiella sp. LEGE 12411,NZ_CAWPSC010000218.1,20452,35824,5.18,0,1,0,2,1,
aff. Roholtiella sp. LEGE 12411,NZ_JADEXR010000044.1,20452,35824,5.18,0,1,0,2,1,
Pseudoalteromonas sp. CIP111854,NZ_CAMAPC010000001.1,396362,405996,7.27,0,1,1,1,1,
Pseudoalteromonas sp. CIP111951,NZ_CAMAPD010000002.1,140737,150371,7.27,0,1,1,1,1,
Pseudoalteromonas caenipelagi JBTF-M23,NZ_JABBPG010000007.1,198869,208529,7.27,0,1,1,1,1,
Tolypothrix carrinoi HA7290-LM1,JAHHIK010000094.1,4849,17542,4.13,0,1,0,1,1,
